DatePrediction,Ticker,HorizonJours,PrixInitial,PrixPredit,PotentielPredit,PrixReelEcheance,ResultatReelPct,Statut
2025-08-11,BTC-USD,7,118606.796875,118746.578125,3.965153706649215,,,En cours
2025-08-11,ETH-USD,7,4224.18115234375,4214.82763671875,20.513889271856403,,,En cours
2025-08-11,XRP-USD,7,3.1411168575286865,3.1441309452056885,6.597189103410769,,,En cours
2025-08-11,USDT-USD,7,0.9999662637710572,1.0000834465026855,0.0033496137275514,,,En cours
2025-08-11,BNB-USD,7,804.5115356445312,804.7024536132812,7.070814121812714,,,En cours
2025-08-11,SOL-USD,7,175.9784698486328,174.30723571777344,7.626974525152487,,,En cours
2025-08-11,USDC-USD,7,0.9998824000358582,0.9999908208847046,0.0154818648463602,,,En cours
2025-08-11,STETH-USD,7,4237.650390625,4200.78076171875,19.988652736282603,,,En cours
2025-08-11,DOGE-USD,7,0.2263263612985611,0.2244510948657989,12.866630994316678,,,En cours
2025-08-11,TRX-USD,7,0.3446871042251587,0.3438279330730438,4.935968049558875,,,En cours
2025-08-11,ADA-USD,7,0.7832300066947937,0.7816066741943359,7.514787072792958,,,En cours
2025-08-11,WSTETH-USD,7,5161.9833984375,5165.52294921875,22.26833084574067,,,En cours
2025-08-11,WBTC-USD,7,118806.515625,118826.375,4.093836123775896,,,En cours
2025-08-11,LINK-USD,7,21.315053939819336,21.144140243530277,29.71900699179756,,,En cours
2025-08-11,XLM-USD,7,0.4335446953773498,0.4334985017776489,8.589906028772772,,,En cours
2025-08-11,WBETH-USD,7,4553.02880859375,4531.99755859375,20.59321555476429,,,En cours
2025-08-11,WEETH-USD,7,4557.025390625,4554.29541015625,21.55818215774184,,,En cours
2025-08-11,BCH-USD,7,584.7574462890625,582.3448486328125,6.9582144816928775,,,En cours
2025-08-11,HBAR-USD,7,0.2465712875127792,0.2470603138208389,-0.68805231998503,,,En cours
2025-08-11,WETH-USD,7,4267.11865234375,4241.9990234375,21.200513171933803,,,En cours
2025-08-11,AVAX-USD,7,23.138551712036133,23.384979248046875,9.385012732700892,,,En cours
2025-08-11,LTC-USD,7,120.95064544677734,120.53565216064452,9.111931305858327,,,En cours
2025-08-11,TON-USD,7,2.099536657333374,2.0794599056243896,302.49766837214304,,,En cours
2025-08-11,LEO-USD,7,8.976423263549805,8.965180397033691,0.0021913804920542,,,En cours
2025-08-11,SHIB-USD,7,1.3052185749984346e-05,1.6054460502346046e-05,33.787166120717224,,,En cours
2025-08-11,WBT-USD,7,44.685585021972656,44.66845703125,5.290555556304875,,,En cours
2025-08-11,DOT-USD,7,3.8932502269744873,3.9102237224578857,8.498192057011629,,,En cours
2025-08-11,CRO-USD,7,0.1660125851631164,0.1623133569955825,24.658888436076225,,,En cours
2025-08-11,ENA-USD,7,0.7916661500930786,0.791492223739624,33.13264402779546,,,En cours
2025-08-11,SUSDE-USD,7,1.1857484579086304,1.1869252920150757,-0.099292162069772,,,En cours
2025-08-11,XMR-USD,7,275.3857727050781,275.89111328125,-9.079699984331022,,,En cours
2025-08-11,BGB-USD,7,4.40782356262207,4.406398773193359,1.769529364460804,,,En cours
2025-08-11,AAVE-USD,7,295.7249755859375,294.1977844238281,13.124459549704648,,,En cours
2025-08-11,DAI-USD,7,1.0000050067901611,0.9999603033065796,0.0009298780178863,,,En cours
2025-08-11,ETC-USD,7,22.55118179321289,22.643991470336918,13.980719433881672,,,En cours
2025-08-11,NEAR-USD,7,2.633730173110962,2.637673139572144,7.880515866716229,,,En cours
2025-08-11,ONDO-USD,7,0.9965163469314576,0.9964581727981568,8.108439830749166,,,En cours
2025-08-11,ICP-USD,7,5.460278034210205,5.421796798706055,5.838759311816827,,,En cours
2025-08-11,OKB-USD,7,46.07619857788086,46.12936782836914,-0.6003580266742861,,,En cours
2025-08-11,JITOSOL-USD,7,216.22921752929688,215.68988037109372,9.124104608803943,,,En cours
2025-08-11,WETH-USD,7,4267.11865234375,4241.9990234375,21.200513171933803,,,En cours
2025-08-11,KAS-USD,7,0.0910244584083557,0.0902285128831863,5.9219013254640895,,,En cours
2025-08-11,ARB-USD,7,0.0011746755335479,0.0011756713502109,0.0571376315456001,,,En cours
2025-08-11,ALGO-USD,7,0.2549259066581726,0.2560482621192932,5.198652966132773,,,En cours
2025-08-11,VET-USD,7,0.0246977321803569,0.0237893220037221,3.167191531042821,,,En cours
2025-08-11,ATOM-USD,7,4.529272556304932,4.474210739135742,4.677014665223984,,,En cours
2025-08-11,RETH-USD,7,4872.51611328125,4867.34326171875,22.114926583628804,,,En cours
2025-08-11,GT-USD,7,16.59107208251953,16.586755752563477,-2.64499270696975,,,En cours
2025-08-11,BONK-USD,7,2.552596924942918e-05,2.1056366676930335e-05,-19.01397340679439,,,En cours
2025-08-11,FTN-USD,7,4.586102485656738,4.586472511291504,-0.0855635126517552,,,En cours
2025-08-11,RENDER-USD,7,3.79848051071167,3.723542213439941,4.154706038133651,,,En cours
2025-08-11,RSETH-USD,7,4468.29833984375,4456.80029296875,21.72431534525995,,,En cours
2025-08-11,WLD-USD,7,1.0131913423538208,1.006685733795166,3.294631804201034,,,En cours
2025-08-11,IP-USD,7,6.28769063949585,6.287896156311035,2.764629359022606,,,En cours
2025-08-11,BNSOL-USD,7,188.3727569580078,188.25015258789065,9.10970497607834,,,En cours
2025-08-11,FET-USD,7,0.6957050561904907,0.6903837323188782,8.621950178790302,,,En cours
2025-08-11,SKY-USD,7,0.0366213954985141,0.0380451269447803,3.0837737645358447,,,En cours
2025-08-11,JLP-USD,7,5.1066670417785645,5.106777191162109,5.131457907563884,,,En cours
2025-08-11,TRUMP-USD,7,0.000868834380526,0.0006475679110735,-9.17701308496759,,,En cours
2025-08-11,SEI-USD,7,0.308469146490097,0.3102080523967743,10.745483140683088,,,En cours
2025-08-11,FIL-USD,7,2.5052974224090576,2.4968152046203613,6.523825246601531,,,En cours
2025-08-11,QNT-USD,7,111.44634246826172,112.03314208984376,0.9053120937813366,,,En cours
2025-08-11,FLR-USD,7,0.0224006753414869,0.0231577511876821,-0.0614933330375222,,,En cours
2025-08-11,OSETH-USD,7,4498.5849609375,4492.35595703125,22.037930486750597,,,En cours
2025-08-11,LSETH-USD,7,4577.28857421875,4558.54296875,20.50878093606264,,,En cours
2025-08-11,JUP-USD,7,0.0009759510867297,0.0010175027418881,-1.11732684183118,,,En cours
2025-08-11,KCS-USD,7,11.862833976745604,11.845224380493164,12.51931621373403,,,En cours
2025-08-11,XDC-USD,7,0.0863783732056617,0.0868558883666992,-6.974673149350512,,,En cours
2025-08-11,LDO-USD,7,1.5284321308135986,1.5137308835983276,64.60288069737797,,,En cours
2025-08-11,INJ-USD,7,13.847134590148926,13.452581405639648,3.6142854362107255,,,En cours
2025-08-11,NEXO-USD,7,1.3475977182388306,1.3463326692581177,1.985316420810072,,,En cours
2025-08-11,OP-USD,7,0.7653358578681946,0.76064532995224,15.88454616458034,,,En cours
2025-08-11,CRV-USD,7,0.9406736493110656,0.9371721148490906,3.091078979604696,,,En cours
2025-08-11,FDUSD-USD,7,0.9979634284973145,0.9985854625701904,0.0540537861150628,,,En cours
2025-08-11,TIA-USD,7,1.741858720779419,1.7462772130966189,6.381911806666109,,,En cours
2025-08-11,EZETH-USD,7,4484.8876953125,4479.015625,21.51104879338705,,,En cours
2025-08-11,USDF-USD,7,2.1423940658569336,2.142359972000122,-0.001591390554841,,,En cours
2025-08-11,XAUT-USD,7,3352.601318359375,3354.969970703125,-0.088853001611583,,,En cours
2025-08-11,USDT-USD,7,0.9999662637710572,1.0000834465026855,0.0033496137275514,,,En cours
2025-08-11,SOLVBTC-USD,7,118890.4296875,118884.4609375,4.260043154577263,,,En cours
2025-08-11,WBNB-USD,7,805.5382080078125,805.7599487304688,7.135894718074198,,,En cours
2025-08-11,FLOKI-USD,7,0.0001109527074731,0.0001089479701477,1.820532997215824,,,En cours
2025-08-11,CFX-USD,7,0.200284793972969,0.2020915001630783,-7.0437688569201375,,,En cours
2025-08-11,PYUSD-USD,7,0.9995694160461426,0.9994624853134156,-0.015055999672763,,,En cours
2025-08-11,SAROS-USD,7,0.3829363584518432,0.3829604387283325,-1.5978644089601706,,,En cours
2025-08-11,USDC-USD,7,0.9998824000358582,0.9999908208847046,0.0154818648463602,,,En cours
2025-08-11,AERO-USD,7,0.0001716606639092,0.000213812891161,25.77228940404001,,,En cours
2025-08-11,WBTC-USD,7,118806.515625,118826.375,4.093836123775896,,,En cours
2025-08-11,FARTCOIN-USD,7,0.9670771956443788,0.9684385657310486,4.372335198318449,,,En cours
2025-08-11,PAXG-USD,7,3350.73974609375,3352.137939453125,-0.3694217397121948,,,En cours
2025-08-11,CAKE-USD,7,2.757547616958618,2.7576820850372314,6.711572675329391,,,En cours
2025-08-11,ENS-USD,7,28.34381484985352,28.296855926513672,11.11054358083312,,,En cours
2025-08-11,WIF-USD,7,0.9322922825813292,0.9305488467216492,3.6290914092171898,,,En cours
2025-08-11,PENDLE-USD,7,5.327649116516113,5.226736545562744,31.283639808237744,,,En cours
2025-08-11,VIRTUAL-USD,7,1.353145718574524,1.3546204566955566,11.083446265534226,,,En cours
2025-08-11,XTZ-USD,7,0.8245003819465637,0.8260393738746643,8.53729538008695,,,En cours
2025-08-11,RAY-USD,7,3.205770492553711,3.209543228149414,24.81424079140562,,,En cours
2025-08-11,KAIA-USD,7,0.1462991386651992,0.1456836313009262,5.154851960699534,,,En cours
2025-08-11,THETA-USD,7,0.8422458171844482,0.846532940864563,13.117053911147488,,,En cours
2025-08-11,MSOL-USD,7,231.2679901123047,230.86181640625,8.630729931105629,,,En cours
2025-08-11,JASMY-USD,7,0.0164929796010255,0.0164126772433519,9.710407243199322,,,En cours
2025-08-11,IOTA-USD,7,0.2014248073101043,0.1970908790826797,7.003531877138861,,,En cours
2025-08-11,GALA-USD,7,0.0169593822211027,0.0173403080552816,-7.191670614469535,,,En cours
2025-08-11,M-USD,7,0.0005840327939949,0.0005493810749612,1.9259933289049436,,,En cours
2025-08-11,WETH-USD,7,4267.11865234375,4241.9990234375,21.200513171933803,,,En cours
2025-08-11,CMETH-USD,7,4535.1533203125,4534.869140625,20.893559940668847,,,En cours
2025-08-11,PYTH-USD,7,0.1224647983908653,0.1233950331807136,7.838280744664766,,,En cours
2025-08-11,SAND-USD,7,0.2867575287818908,0.2856483161449432,7.758072804855111,,,En cours
2025-08-11,TBTC-USD,7,118906.0,119063.7890625,4.394931064471528,,,En cours
2025-08-11,BTT-USD,7,6.863488124508876e-07,1.052030143000593e-06,5.203014565671372,,,En cours
2025-08-11,EETH-USD,7,4237.69140625,4223.669921875,21.25941302969309,,,En cours
2025-08-11,B-USD,7,0.6686781048774719,0.6668386459350586,33.3874703102577,,,En cours
2025-08-11,ETHX-USD,7,4616.7265625,4604.859375,24.81605162604943,,,En cours
2025-08-11,JTO-USD,7,1.816899299621582,1.8185099363327024,6.251226731113495,,,En cours
2025-08-11,RLUSD-USD,7,0.9997775554656982,0.9998941421508788,0.0002145998987565,,,En cours
2025-08-11,ZEC-USD,7,37.59086227416992,37.655391693115234,4.168146257632975,,,En cours
2025-08-11,CBETH-USD,7,4689.08251953125,4677.15966796875,21.235838629193356,,,En cours
2025-08-11,WETH-USD,7,4267.11865234375,4241.9990234375,21.200513171933803,,,En cours
2025-08-11,FLOW-USD,7,0.3754346668720245,0.3763798773288727,5.18840183540629,,,En cours
2025-08-11,AB-USD,7,0.0081719225272536,0.0081167519092559,-0.4445971581467537,,,En cours
2025-08-11,DOGE-USD,7,0.2263263612985611,0.2244510948657989,12.866630994316678,,,En cours
2025-08-11,BSV-USD,7,29.14678192138672,29.16393280029297,13.060459983630588,,,En cours
2025-08-11,USD0-USD,7,0.9978369474411012,0.9978342652320862,0.0158618959978196,,,En cours
2025-08-11,MANA-USD,7,0.295971155166626,0.2967832088470459,6.753094892454619,,,En cours
2025-08-11,TEL-USD,7,0.0061127804219722,0.005664462223649,10.78549125853682,,,En cours
2025-08-11,KTA-USD,7,1.3938969373703003,1.3927757740020752,33.91636229176023,,,En cours
2025-08-11,SYRUP-USD,7,0.500131368637085,0.5004886388778687,19.788003004969383,,,En cours
2025-08-11,SWETH-USD,7,4600.2587890625,4594.38916015625,20.23204828290979,,,En cours
2025-08-11,XSOLVBTC-USD,7,119378.6640625,119378.59375,4.557616902571109,,,En cours
2025-08-11,RSR-USD,7,0.0091772489249706,0.0081441821530461,7.499765202464317,,,En cours
2025-08-11,MOG-USD,7,1.3736604387304396e-06,1.413191625943e-06,41.31916295109658,,,En cours
2025-08-11,HNT-USD,7,2.884306669235229,2.913258552551269,4.010702151649339,,,En cours
2025-08-11,BDX-USD,7,0.0723017677664756,0.0735094547271728,-0.4301187256859798,,,En cours
2025-08-11,ETHFI-USD,7,1.2075340747833252,1.2035354375839231,20.264183681382413,,,En cours
2025-08-11,USDD-USD,7,0.999454915523529,0.9998116493225098,0.0174705025768693,,,En cours
2025-08-11,FRXETH-USD,7,4233.83544921875,4225.55126953125,21.15136176703805,,,En cours
2025-08-11,CORE-USD,7,7430.77783203125,7366.50390625,23.313356808202474,,,En cours
2025-08-11,STRK-USD,7,10.66936492919922,10.636920928955078,-3.3926162905311834,,,En cours
2025-08-11,TUSD-USD,7,0.9980955123901368,0.9976232647895812,0.0833921581114361,,,En cours
2025-08-11,RUNE-USD,7,1.3993659019470217,1.4190702438354492,9.904910839543865,,,En cours
2025-08-11,APE-USD,7,0.614088773727417,0.6144379377365112,10.510220194810351,,,En cours
2025-08-11,WETH-USD,7,4267.11865234375,4241.9990234375,21.200513171933803,,,En cours
2025-08-11,AR-USD,7,7.481809139251709,7.434602737426758,17.001980213474035,,,En cours
2025-08-11,DYDX-USD,7,0.6316573023796082,0.6307082176208496,15.414336535382365,,,En cours
2025-08-11,XCN-USD,7,0.0010394382989034,0.0009890091605484,-4.8114374300695735,,,En cours
2025-08-11,FLUID-USD,7,6.867187023162842,6.867483615875244,39.42056584849055,,,En cours
2025-08-11,AIOZ-USD,7,0.3785546720027923,0.3783487677574157,11.79626912449279,,,En cours
2025-08-11,NEO-USD,7,6.313429355621338,6.325288772583008,8.25857436239284,,,En cours
2025-08-11,SDAI-USD,7,1.1633844375610352,1.1629607677459717,-0.0338869152547374,,,En cours
2025-08-11,EGLD-USD,7,15.320782661437988,15.314101219177246,7.209216014032137,,,En cours
2025-08-11,DEXE-USD,7,7.612086772918701,7.617183685302734,5.248894613943891,,,En cours
2025-08-11,USDT-USD,7,0.9999662637710572,1.0000834465026855,0.0033496137275514,,,En cours
2025-08-11,EIGEN-USD,7,1.357102632522583,1.3562934398651123,20.82211695966672,,,En cours
2025-08-11,SUN-USD,7,0.02247129753232,0.0225670281797647,5.844133095999913,,,En cours
2025-08-11,XEC-USD,7,2.1579944586846977e-05,3.3485808671684936e-05,67.42904758803819,,,En cours
2025-08-11,DAI-USD,7,1.0000050067901611,0.9999603033065796,0.0009298780178863,,,En cours
2025-08-11,BEAM-USD,7,0.0298817101866006,0.0322714373469352,-6.627399606754544,,,En cours
2025-08-11,ZBCN-USD,7,0.0047728782519698,0.004955313168466,-7.360007800196572,,,En cours
2025-08-11,KAVA-USD,7,0.378035306930542,0.3776881396770477,-3.1635879941322527,,,En cours
2025-08-11,TKX-USD,7,5.123089790344238,5.073470592498779,89.26749879215625,,,En cours
2025-08-11,CHZ-USD,7,0.0414744205772876,0.0419476963579654,9.586963605086124,,,En cours
2025-08-11,USDB-USD,7,0.1111245453357696,0.1124862655997276,-4.67508245151958,,,En cours
2025-08-11,W-USD,7,0.085799716413021,0.0865576639771461,14.492755194296953,,,En cours
2025-08-11,AXS-USD,7,2.41320276260376,2.4281868934631348,7.831424098864094,,,En cours
2025-08-11,UBTC-USD,7,1.4739969968795776,1.4739017486572266,-0.0064619007062234,,,En cours
2025-08-11,WEMIX-USD,7,0.8357258439064026,0.8396944999694824,3.080087514351398,,,En cours
2025-08-11,BBSOL-USD,7,193.8844757080078,193.8643493652344,8.965686997629446,,,En cours
2025-08-11,OHM-USD,7,22.59075927734375,22.586589813232425,-0.2551429313379889,,,En cours
2025-08-11,1INCH-USD,7,0.2627125382423401,0.262923926115036,4.773115131793809,,,En cours
2025-08-11,SAVAX-USD,7,28.23046875,28.37493705749512,9.0247845577819,,,En cours
2025-08-11,CVX-USD,7,4.373441696166992,4.354539394378662,5.334288541219466,,,En cours
2025-08-11,WAVAX-USD,7,23.23078155517578,23.32145500183105,9.126885598276557,,,En cours
2025-08-11,EBTC-USD,7,120058.9375,120057.1640625,5.331506720117059,,,En cours
2025-08-11,AKT-USD,7,1.2772809267044067,1.2615505456924438,7.07675822908277,,,En cours
2025-08-11,GNO-USD,7,133.30905151367188,132.18597412109375,11.088848163010772,,,En cours
2025-08-11,SFRXETH-USD,7,4820.8544921875,4817.205078125,22.51864966948487,,,En cours
2025-08-11,EOS-USD,7,0.5297335386276245,0.5300248265266418,6.692706911663338,,,En cours
2025-08-11,WBTC-USD,7,118806.515625,118826.375,4.093836123775896,,,En cours
2025-08-11,VENOM-USD,7,0.161778375506401,0.1638689190149307,-10.77301712780829,,,En cours
2025-08-11,LUNC-USD,7,6.145972292870283e-05,9.29419620661065e-05,57.528744502104686,,,En cours
2025-08-11,JST-USD,7,0.0340153165161609,0.0337452441453933,3.64336801300688,,,En cours
2025-08-11,GHO-USD,7,0.999799907207489,0.9991455674171448,0.0130722541852393,,,En cours
2025-08-11,WETH-USD,7,4267.11865234375,4241.9990234375,21.200513171933803,,,En cours
2025-08-11,CTC-USD,7,0.71983402967453,0.7125754952430725,9.8077575039916,,,En cours
2025-08-11,MMM,7,155.30999755859375,155.28125,4.061954650658403,,,En cours
2025-08-11,AOS,7,70.52999877929688,70.51151275634766,-0.3934004175420245,,,En cours
2025-08-11,ABT,7,131.36000061035156,131.3131103515625,4.059836604357829,,,En cours
2025-08-11,ABBV,7,198.6999969482422,198.6681671142578,5.104307810664118,,,En cours
2025-08-11,ACN,7,238.61000061035156,238.8433380126953,-10.57905932052631,,,En cours
2025-08-11,ADBE,7,333.6499938964844,334.2389221191406,-6.5562582577653075,,,En cours
2025-08-11,AMD,7,172.27999877929688,172.25074768066406,-2.302336755793251,,,En cours
2025-08-11,AES,7,12.800000190734863,12.81136417388916,-1.25354448735922,,,En cours
2025-08-11,AFL,7,104.16999816894531,104.16134643554688,4.832272338668944,,,En cours
2025-08-11,A,7,114.12999725341797,114.18765258789062,-0.5420651371284183,,,En cours
2025-08-11,APD,7,283.95001220703125,284.1150207519531,-1.3078310639851451,,,En cours
2025-08-11,ABNB,7,118.30000305175781,118.56706237792969,-10.45460380735644,,,En cours
2025-08-11,AKAM,7,70.61000061035156,70.64190673828125,-7.427717208299374,,,En cours
2025-08-11,ALB,7,80.76000213623047,80.7225341796875,18.97205010325264,,,En cours
2025-08-11,ARE,7,71.86000061035156,71.84455108642578,-5.999541018501706,,,En cours
2025-08-11,ALGN,7,134.82000732421875,134.68594360351562,4.399619671620815,,,En cours
2025-08-11,ALLE,7,164.4499969482422,164.43194580078125,-0.8968493156857907,,,En cours
2025-08-11,LNT,7,65.31999969482422,65.3187255859375,0.47488607839158614,,,En cours
2025-08-11,ALL,7,206.5,206.48585510253906,1.5920566310155286,,,En cours
2025-08-11,GOOGL,7,201.0,200.84121704101562,4.65931392856342,,,En cours
2025-08-11,GOOG,7,201.6300048828125,201.40786743164062,4.432161564988746,,,En cours
2025-08-11,MO,7,65.69000244140625,65.67758178710938,6.034199617803539,,,En cours
2025-08-11,AMZN,7,221.3000030517578,221.28855895996094,-5.476674049362974,,,En cours
2025-08-11,AMCR,7,9.640000343322754,9.63756275177002,3.07553324671727,,,En cours
2025-08-11,AEE,7,101.36000061035156,101.33718872070312,0.20487636993202196,,,En cours
2025-08-11,AEP,7,112.0,112.0153579711914,-0.17775093262468658,,,En cours
2025-08-11,AXP,7,296.2300109863281,296.2012023925781,-1.0386539679173392,,,En cours
2025-08-11,AIG,7,78.62999725341797,78.63407135009766,1.2934099345668586,,,En cours
2025-08-11,AMT,7,206.0800018310547,205.9810791015625,-1.1559673185572255,,,En cours
2025-08-11,AWK,7,145.5500030517578,145.544189453125,3.7822188763530016,,,En cours
2025-08-11,AMP,7,506.6499938964844,506.92303466796875,-1.861197392537037,,,En cours
2025-08-11,AME,7,182.52000427246094,182.53768920898438,-1.2509152383994824,,,En cours
2025-08-11,AMGN,7,285.0899963378906,285.814697265625,-3.1464956441354697,,,En cours
2025-08-11,APH,7,109.80999755859375,109.81835174560547,3.1061398394711244,,,En cours
2025-08-11,ADI,7,224.07000732421875,224.05857849121094,-0.2543856026267153,,,En cours
2025-08-11,AON,7,368.0899963378906,367.7291259765625,3.5958840365548945,,,En cours
2025-08-11,APA,7,19.920000076293945,19.91752052307129,3.2530823108402656,,,En cours
2025-08-11,APO,7,142.1199951171875,141.8831024169922,-2.365059684836511,,,En cours
2025-08-11,AAPL,7,227.17999267578125,227.12985229492188,9.423252050163093,,,En cours
2025-08-11,AMAT,7,184.3800048828125,184.3666229248047,2.391772422861168,,,En cours
2025-08-11,APTV,7,66.77999877929688,66.83296966552734,-2.6326190853574087,,,En cours
2025-08-11,ACGL,7,89.87999725341797,89.90087890625,4.463027488516015,,,En cours
2025-08-11,ADM,7,58.279998779296875,58.230072021484375,7.4752153811296544,,,En cours
2025-08-11,ANET,7,137.64999389648438,137.68435668945312,11.738642529991903,,,En cours
2025-08-11,AJG,7,288.9200134277344,288.9076843261719,0.5770876679449521,,,En cours
2025-08-11,AIZ,7,205.7100067138672,205.46192932128906,9.696703669840543,,,En cours
2025-08-11,T,7,28.139999389648438,28.122962951660156,2.6011058307808077,,,En cours
2025-08-11,ATO,7,165.0399932861328,165.0222930908203,5.837798248312134,,,En cours
2025-08-11,ADSK,7,284.6199951171875,284.8805847167969,-6.014120786427485,,,En cours
2025-08-11,ADP,7,303.7200012207031,303.6699523925781,-1.8836987423010902,,,En cours
2025-08-11,AZO,7,4036.7900390625,4035.24169921875,7.081606013857601,,,En cours
2025-08-11,AVB,7,185.0800018310547,185.21995544433594,-0.5690591270707859,,,En cours
2025-08-11,AVY,7,171.82000732421875,171.7901153564453,2.3962037203358806,,,En cours
2025-08-11,AXON,7,818.6900024414062,818.7067260742188,8.367647044566676,,,En cours
2025-08-11,BKR,7,42.70000076293945,42.69776153564453,-4.720492918409377,,,En cours
2025-08-11,BALL,7,53.65999984741211,53.763450622558594,-6.106440449649293,,,En cours
2025-08-11,BAC,7,46.15999984741211,46.16805648803711,-2.331169788566351,,,En cours
2025-08-11,BAX,7,23.459999084472656,23.4604434967041,7.8145369941921405,,,En cours
2025-08-11,BDX,7,192.5,192.4837646484375,7.985281710203367,,,En cours
2025-08-11,BRK-B,7,464.7300109863281,464.86334228515625,-1.4869590838880278,,,En cours
2025-08-11,BBY,7,68.58999633789062,68.54257202148438,5.352865959999737,,,En cours
2025-08-11,TECH,7,50.150001525878906,50.138763427734375,-8.388883889828643,,,En cours
2025-08-11,BIIB,7,128.0,127.9974365234375,-0.002002716064453125,,,En cours
2025-08-11,BLK,7,1127.9300537109375,1127.6739501953125,1.9587472299892037,,,En cours
2025-08-11,BX,7,170.07000732421875,170.07386779785156,-1.0706876640857914,,,En cours
2025-08-11,XYZ,7,73.02999877929688,73.1709976196289,-5.292524467435985,,,En cours
2025-08-11,BK,7,103.2699966430664,103.24469757080078,1.769049459384622,,,En cours
2025-08-11,BA,7,225.9600067138672,226.0029754638672,1.8765683351508058,,,En cours
2025-08-11,BKNG,7,5364.25,5362.140625,-2.57844994572987,,,En cours
2025-08-11,BSX,7,102.75,102.75896453857422,-2.0596965955826008,,,En cours
2025-08-11,BMY,7,45.93000030517578,45.935970306396484,6.063192911198765,,,En cours
2025-08-11,AVGO,7,303.8999938964844,303.7611999511719,3.425668139587417,,,En cours
2025-08-11,BR,7,263.4700012207031,263.48907470703125,6.455933317777189,,,En cours
2025-08-11,BRO,7,94.5999984741211,94.5616455078125,3.4930969303816313,,,En cours
2025-08-11,BF-B,7,30.75,30.76275634765625,6.630003261334724,,,En cours
2025-08-11,BLDR,7,128.75999450683594,128.88580322265625,1.3811106797542823,,,En cours
2025-08-11,BG,7,82.22000122070312,82.18008422851562,3.034205149783778,,,En cours
2025-08-11,BXP,7,62.11000061035156,62.13390350341797,-5.037592520837995,,,En cours
2025-08-11,CHRW,7,116.23999786376953,116.23320770263672,0.7918904008230643,,,En cours
2025-08-11,CDNS,7,349.0899963378906,349.06298828125,-4.2535092661031975,,,En cours
2025-08-11,CZR,7,24.0,24.00098991394043,-10.041268218110318,,,En cours
2025-08-11,CPT,7,104.05000305175781,104.16114807128906,-4.614330602354688,,,En cours
2025-08-11,CPB,7,32.11000061035156,32.1287727355957,0.6540496829660323,,,En cours
2025-08-11,COF,7,208.25,208.1848907470703,-3.1698182571765985,,,En cours
2025-08-11,CAH,7,157.66000366210938,157.6062774658203,1.5373510026740727,,,En cours
2025-08-11,KMX,7,55.939998626708984,55.931270599365234,-1.1989577877909743,,,En cours
2025-08-11,CCL,7,28.610000610351562,28.60768699645996,-3.904311197283146,,,En cours
2025-08-11,CARR,7,64.87999725341797,64.87357330322266,-5.459675449438809,,,En cours
2025-08-11,CAT,7,408.5400085449219,408.4594421386719,-6.748675315380945,,,En cours
2025-08-11,CBOE,7,253.24000549316406,253.13076782226562,5.016086488925572,,,En cours
2025-08-11,CBRE,7,153.49000549316406,153.50906372070312,-1.43247829316332,,,En cours
2025-08-11,CDW,7,160.14999389648438,160.30702209472656,-8.070296131453441,,,En cours
2025-08-11,COR,7,290.70001220703125,290.6242370605469,1.5884545237607326,,,En cours
2025-08-11,CNC,7,25.25,25.287288665771484,-3.0023438366519395,,,En cours
2025-08-11,CNP,7,38.56999969482422,38.57600021362305,-0.6285406571852801,,,En cours
2025-08-11,CF,7,82.62999725341797,82.63789367675781,-10.979325598685143,,,En cours
2025-08-11,CRL,7,148.92999267578125,148.90591430664062,-12.222403417594577,,,En cours
2025-08-11,SCHW,7,97.62999725341797,97.61092376708984,0.15988399857331145,,,En cours
2025-08-11,CHTR,7,258.7699890136719,258.6612243652344,-3.9719192040957183,,,En cours
2025-08-11,CVX,7,153.4499969482422,153.47882080078125,1.212622934934104,,,En cours
2025-08-11,CMG,7,41.619998931884766,41.62294387817383,-2.9315698662053684,,,En cours
2025-08-11,CB,7,271.0,270.96002197265625,1.8493509508753498,,,En cours
2025-08-11,CHD,7,91.66000366210938,91.65943908691406,-2.250781307144692,,,En cours
2025-08-11,CI,7,277.0400085449219,277.1424865722656,3.6511637037824993,,,En cours
2025-08-11,CINF,7,149.875,149.92791748046875,1.63915874427123,,,En cours
2025-08-11,CTAS,7,223.8800048828125,223.90406799316406,0.6084317784041274,,,En cours
2025-08-11,CSCO,7,70.66999816894531,70.66358947753906,3.7949288733800706,,,En cours
2025-08-11,C,7,92.30999755859375,92.31159210205078,-0.8338195559601059,,,En cours
2025-08-11,CFG,7,46.93000030517578,46.895103454589844,-1.7286205888766886,,,En cours
2025-08-11,CLX,7,122.08999633789062,122.11864471435547,-2.7408035291115245,,,En cours
2025-08-11,CME,7,285.75,285.57281494140625,2.6206756483038824,,,En cours
2025-08-11,CMS,7,72.91999816894531,72.90399932861328,-0.4890947165669771,,,En cours
2025-08-11,KO,7,70.75,70.72862243652344,4.181209415812457,,,En cours
2025-08-11,CTSH,7,69.1500015258789,69.18983459472656,-3.5816157538912194,,,En cours
2025-08-11,COIN,7,319.6199951171875,319.2838134765625,-15.479721192654324,,,En cours
2025-08-11,CL,7,84.45500183105469,84.50990295410156,0.7870059534755237,,,En cours
2025-08-11,CMCSA,7,31.40999984741211,31.445175170898438,-5.371123671155412,,,En cours
2025-08-11,CAG,7,19.270000457763672,19.269819259643555,5.5302246336475305,,,En cours
2025-08-11,COP,7,93.52999877929688,93.56709289550781,-1.8595589579210148,,,En cours
2025-08-11,ED,7,104.12000274658203,104.11095428466797,0.590293994848279,,,En cours
2025-08-11,STZ,7,168.72000122070312,168.87278747558594,1.09721878778672,,,En cours
2025-08-11,CEG,7,331.489990234375,331.5489196777344,-4.683497249215455,,,En cours
2025-08-11,COO,7,70.87999725341797,70.85124969482422,0.22810475010468967,,,En cours
2025-08-11,CPRT,7,46.689998626708984,46.68046569824219,2.9791833501809477,,,En cours
2025-08-11,GLW,7,64.9800033569336,64.9909439086914,2.768725780759751,,,En cours
2025-08-11,CPAY,7,303.7699890136719,304.5187683105469,-5.736331893718527,,,En cours
2025-08-11,CTVA,7,72.46499633789062,72.47521209716797,0.47860093843777535,,,En cours
2025-08-11,CSGP,7,92.5,92.52202606201172,-2.8027905357359257,,,En cours
2025-08-11,COST,7,988.739990234375,987.8162841796875,5.272742919218932,,,En cours
2025-08-11,CTRA,7,23.959999084472656,23.96160888671875,-1.7564186701517683,,,En cours
2025-08-11,CRWD,7,426.42999267578125,426.6191711425781,-6.148851822884323,,,En cours
2025-08-11,CCI,7,103.77999877929688,103.71581268310547,-1.3076255615870536,,,En cours
2025-08-11,CSX,7,35.22999954223633,35.231571197509766,-0.8678382388077709,,,En cours
2025-08-11,CMI,7,388.30999755859375,388.19830322265625,5.59771187062579,,,En cours
2025-08-11,CVS,7,64.87999725341797,64.82553100585938,4.38894138278295,,,En cours
2025-08-11,DHR,7,199.75999450683594,199.70370483398438,1.2901709903771188,,,En cours
2025-08-11,DRI,7,201.5500030517578,201.67034912109375,0.0001740229838964427,,,En cours
2025-08-11,DDOG,7,128.8300018310547,128.90573120117188,-7.911319377321916,,,En cours
2025-08-11,DVA,7,129.0500030517578,129.32968139648438,-7.865152172646404,,,En cours
2025-08-11,DAY,7,49.91999816894531,50.183834075927734,-12.981037507729276,,,En cours
2025-08-11,DECK,7,100.47000122070312,100.64056396484375,-5.208094847381207,,,En cours
2025-08-11,DE,7,506.9800109863281,506.9616394042969,-3.319861142893991,,,En cours
2025-08-11,DELL,7,138.32000732421875,138.38201904296875,4.289710224457945,,,En cours
2025-08-11,DAL,7,53.5,53.478668212890625,0.5049222571709642,,,En cours
2025-08-11,DVN,7,32.869998931884766,32.858192443847656,-1.0891293304046747,,,En cours
2025-08-11,DXCM,7,77.8499984741211,77.86552429199219,-3.595979289078687,,,En cours
2025-08-11,FANG,7,136.83999633789062,137.19656372070312,-7.711179644164144,,,En cours
2025-08-11,DLR,7,168.72999572753906,168.93310546875,-4.254645697564648,,,En cours
2025-08-11,DG,7,114.55000305175781,114.6041488647461,9.250855288570389,,,En cours
2025-08-11,DLTR,7,114.29000091552734,114.48807525634766,0.8261313776999691,,,En cours
2025-08-11,D,7,61.4900016784668,61.487422943115234,5.196616151460644,,,En cours
2025-08-11,DPZ,7,440.5400085449219,441.1309509277344,-4.766529421782769,,,En cours
2025-08-11,DASH,7,256.0899963378906,256.0525817871094,2.318714000842907,,,En cours
2025-08-11,DOV,7,175.2899932861328,175.34970092773438,-3.1965874359194455,,,En cours
2025-08-11,DOW,7,20.8700008392334,20.87918472290039,-10.351292820343653,,,En cours
2025-08-11,DHI,7,154.9600067138672,154.8501739501953,8.690333374496365,,,En cours
2025-08-11,DTE,7,139.9199981689453,139.93923950195312,1.1048593305271244,,,En cours
2025-08-11,DUK,7,125.55999755859375,125.54471588134766,3.2100596113875923,,,En cours
2025-08-11,DD,7,69.9000015258789,69.8971939086914,-2.785546000950544,,,En cours
2025-08-11,EMN,7,61.06999969482422,61.109413146972656,-15.83884777125224,,,En cours
2025-08-11,ETN,7,360.1099853515625,360.2908630371094,-6.349848748721394,,,En cours
2025-08-11,EBAY,7,95.30000305175781,95.29769134521484,3.8666935642668596,,,En cours
2025-08-11,ECL,7,273.5,273.47149658203125,4.47413141025342,,,En cours
2025-08-11,EIX,7,55.25,55.235774993896484,5.978081592218954,,,En cours
2025-08-11,EW,7,78.16000366210938,78.32585906982422,-1.240875701758099,,,En cours
2025-08-11,EA,7,176.11000061035156,175.99562072753906,15.41452841998142,,,En cours
2025-08-11,ELV,7,290.7900085449219,290.39984130859375,2.5857902654872027,,,En cours
2025-08-11,EMR,7,131.9600067138672,131.97352600097656,-9.302775765841599,,,En cours
2025-08-11,ENPH,7,32.56999969482422,32.56991195678711,0.6486753475783275,,,En cours
2025-08-11,ETR,7,90.08999633789062,90.0649185180664,-0.40371755598510095,,,En cours
2025-08-11,EOG,7,116.83999633789062,116.87895202636719,-2.6171010702829225,,,En cours
2025-08-11,EPAM,7,151.8000030517578,152.0391082763672,-3.595775915341057,,,En cours
2025-08-11,EQT,7,51.81999969482422,51.84290313720703,-3.252356168537862,,,En cours
2025-08-11,EFX,7,239.89999389648438,240.08863830566406,-0.05884253606503116,,,En cours
2025-08-11,EQIX,7,776.75,776.9638671875,-1.045138747184537,,,En cours
2025-08-11,EQR,7,62.29999923706055,62.34523391723633,-1.3524791699122276,,,En cours
2025-08-11,ERIE,7,360.8500061035156,360.72662353515625,1.2594412260761163,,,En cours
2025-08-11,ESS,7,252.0800018310547,252.1114959716797,-3.101121120468313,,,En cours
2025-08-11,EL,7,89.13999938964844,89.18501281738281,-4.451450271614303,,,En cours
2025-08-11,EG,7,330.3999938964844,330.5026550292969,-1.5775261930437732,,,En cours
2025-08-11,EVRG,7,72.41999816894531,72.4332046508789,2.3067818202312136,,,En cours
2025-08-11,ES,7,65.69000244140625,65.69823455810547,-0.6078122924207331,,,En cours
2025-08-11,EXC,7,44.709999084472656,44.71250915527344,-0.5062071170165637,,,En cours
2025-08-11,EXE,7,97.95999908447266,97.99915313720703,-6.471507655170586,,,En cours
2025-08-11,EXPE,7,192.6300048828125,192.4723358154297,6.7985431759718855,,,En cours
2025-08-11,EXPD,7,116.97000122070312,117.06824493408203,0.7125319042789261,,,En cours
2025-08-11,EXR,7,135.22999572753906,135.22927856445312,0.6469767417034309,,,En cours
2025-08-11,XOM,7,105.83000183105469,105.95437622070312,-5.092819061294709,,,En cours
2025-08-11,FFIV,7,318.1099853515625,318.1148986816406,1.4979532425387874,,,En cours
2025-08-11,FDS,7,377.57000732421875,377.8190002441406,-6.225116414071656,,,En cours
2025-08-11,FICO,7,1311.260009765625,1313.2164306640625,-8.59621516770734,,,En cours
2025-08-11,FAST,7,47.84000015258789,47.8410530090332,3.7091955371764276,,,En cours
2025-08-11,FRT,7,91.44999694824219,91.5213394165039,-0.6929950306285078,,,En cours
2025-08-11,FDX,7,224.61000061035156,224.53225708007812,0.46635266065441217,,,En cours
2025-08-11,FIS,7,69.87000274658203,70.00397491455078,-11.84489146679979,,,En cours
2025-08-11,FITB,7,41.27000045776367,41.294986724853516,-0.661565965815834,,,En cours
2025-08-11,FSLR,7,182.1300048828125,181.81407165527344,4.054298689951756,,,En cours
2025-08-11,FE,7,43.33000183105469,43.30828094482422,2.450305356434468,,,En cours
2025-08-11,FI,7,132.22000122070312,132.16294860839844,-4.877683686428486,,,En cours
2025-08-11,F,7,11.140000343322754,11.153369903564453,0.7531184375661197,,,En cours
2025-08-11,FTNT,7,74.56999969482422,74.70398712158203,-25.22123525470607,,,En cours
2025-08-11,FTV,7,46.720001220703125,46.73126220703125,-2.501018340313017,,,En cours
2025-08-11,FOXA,7,54.5,54.497032165527344,-2.2650039347618334,,,En cours
2025-08-11,FOX,7,49.630001068115234,49.628238677978516,-2.956121880548803,,,En cours
2025-08-11,BEN,7,25.290000915527344,25.285688400268555,5.3570350011189785,,,En cours
2025-08-11,FCX,7,41.470001220703125,41.476627349853516,3.073125297726966,,,En cours
2025-08-11,GRMN,7,228.99000549316406,228.98526000976562,4.674193527011705,,,En cours
2025-08-11,IT,7,225.97999572753906,226.43431091308594,-33.136183376899616,,,En cours
2025-08-11,GE,7,275.20001220703125,275.1997375488281,1.5197547515977317,,,En cours
2025-08-11,GEHC,7,73.0,73.01424407958984,2.3755529893651675,,,En cours
2025-08-11,GEV,7,650.760009765625,650.80029296875,-1.4371996205280533,,,En cours
2025-08-11,GEN,7,30.770000457763672,30.76677703857422,4.329526203341993,,,En cours
2025-08-11,GNRC,7,196.52000427246094,196.48843383789062,0.9237410108028683,,,En cours
2025-08-11,GD,7,314.92999267578125,314.9322814941406,1.066171271382676,,,En cours
2025-08-11,GIS,7,49.349998474121094,49.35737609863281,0.7704707225876265,,,En cours
2025-08-11,GM,7,54.0099983215332,53.9708137512207,1.1826276655947991,,,En cours
2025-08-11,GPC,7,133.39999389648438,133.38815307617188,3.49794228938657,,,En cours
2025-08-11,GILD,7,120.47000122070312,120.40721893310547,7.228798603078188,,,En cours
2025-08-11,GPN,7,80.83000183105469,80.92504119873047,1.2195675893765234,,,En cours
2025-08-11,GL,7,139.0500030517578,139.03627014160156,-1.02066709378675,,,En cours
2025-08-11,GDDY,7,135.77000427246094,135.798828125,-15.955671131264776,,,En cours
2025-08-11,GS,7,719.239990234375,719.2711181640625,-0.5968723353160472,,,En cours
2025-08-11,HAL,7,20.5,20.50249481201172,-8.471003744789595,,,En cours
2025-08-11,HIG,7,128.33999633789062,128.3121795654297,3.153131437435836,,,En cours
2025-08-11,HAS,7,77.56999969482422,77.49869537353516,3.1116173462945063,,,En cours
2025-08-11,HCA,7,382.9100036621094,382.98565673828125,8.191097856950238,,,En cours
2025-08-11,DOC,7,16.770000457763672,16.768760681152344,-1.0108609652107052,,,En cours
2025-08-11,HSIC,7,66.0999984741211,66.1798095703125,-2.1732327012646073,,,En cours
2025-08-11,HSY,7,175.4199981689453,175.4841766357422,-5.719565877502087,,,En cours
2025-08-11,HPE,7,20.59000015258789,20.602928161621094,-0.4208427752004859,,,En cours
2025-08-11,HLT,7,261.04998779296875,261.1849670410156,-2.57200084922838,,,En cours
2025-08-11,HOLX,7,67.98999786376953,67.99803161621094,1.7629930062360768,,,En cours
2025-08-11,HD,7,387.5299987792969,386.4941711425781,5.165617499523358,,,En cours
2025-08-11,HON,7,216.4499969482422,216.53128051757812,-2.6169217118116817,,,En cours
2025-08-11,HRL,7,28.579999923706055,28.574222564697266,1.7238248824458062,,,En cours
2025-08-11,HST,7,15.3100004196167,15.308801651000977,-2.615767233097837,,,En cours
2025-08-11,HWM,7,179.8800048828125,179.8467254638672,0.10883652531366518,,,En cours
2025-08-11,HPQ,7,25.510000228881836,25.515695571899414,2.885872406678735,,,En cours
2025-08-11,HUBB,7,417.5400085449219,418.0172424316406,-4.4488360761460575,,,En cours
2025-08-11,HUM,7,266.6700134277344,266.6783447265625,6.726837930857599,,,En cours
2025-08-11,HBAN,7,16.010000228881836,16.011308670043945,-2.548336137278948,,,En cours
2025-08-11,HII,7,266.6499938964844,266.69281005859375,-4.36318436925593,,,En cours
2025-08-11,IBM,7,236.3000030517578,236.29544067382812,-6.026832540598134,,,En cours
2025-08-11,IEX,7,157.52999877929688,157.5404052734375,-3.6509017393116383,,,En cours
2025-08-11,IDXX,7,652.1099853515625,651.3074340820312,21.89692071232623,,,En cours
2025-08-11,ITW,7,256.8900146484375,256.9290771484375,0.3746829406417192,,,En cours
2025-08-11,INCY,7,79.19000244140625,79.12239074707031,5.6514773560098215,,,En cours
2025-08-11,IR,7,76.44999694824219,76.59593963623047,-9.49315594697485,,,En cours
2025-08-11,PODD,7,304.8399963378906,304.57391357421875,5.6081553467506975,,,En cours
2025-08-11,INTC,7,20.649999618530273,20.6337890625,4.211059886703486,,,En cours
2025-08-11,ICE,7,185.92999267578125,185.97158813476562,0.6176412337832542,,,En cours
2025-08-11,IFF,7,63.459999084472656,63.58755874633789,-10.477882811294984,,,En cours
2025-08-11,IP,7,47.15999984741211,47.13037872314453,0.8352097361125722,,,En cours
2025-08-11,IPG,7,24.969999313354492,24.975263595581055,1.5254601963095906,,,En cours
2025-08-11,INTU,7,706.0900268554688,706.1922607421875,-10.054098512310345,,,En cours
2025-08-11,ISRG,7,471.8500061035156,472.1917419433594,-1.84960287311433,,,En cours
2025-08-11,IVZ,7,20.450000762939453,20.44536590576172,-2.687455102184772,,,En cours
2025-08-11,INVH,7,29.899999618530273,29.90924644470215,-2.4168129952611253,,,En cours
2025-08-11,IQV,7,180.08999633789062,180.02894592285156,-3.1373370646460854,,,En cours
2025-08-11,IRM,7,89.55000305175781,89.67007446289062,-7.898445048533952,,,En cours
2025-08-11,JBHT,7,137.77999877929688,138.0607452392578,-3.8563102780925145,,,En cours
2025-08-11,JBL,7,222.6699981689453,222.66966247558594,-0.22419487272684757,,,En cours
2025-08-11,JKHY,7,158.52000427246094,158.6630401611328,-6.569877918910438,,,En cours
2025-08-11,J,7,147.85000610351562,147.86056518554688,4.222577200634315,,,En cours
2025-08-11,JNJ,7,173.82000732421875,173.80174255371094,5.500629330088795,,,En cours
2025-08-11,JCI,7,105.70999908447266,105.67990112304688,0.647524879092262,,,En cours
2025-08-11,JPM,7,289.55999755859375,289.6621398925781,-2.2204464483652946,,,En cours
2025-08-11,K,7,80.11000061035156,80.12325286865234,0.367344395429512,,,En cours
2025-08-11,KVUE,7,21.219999313354492,21.233219146728516,-0.964465401951029,,,En cours
2025-08-11,KDP,7,34.619998931884766,34.55429458618164,5.832444016253297,,,En cours
2025-08-11,KEY,7,17.3700008392334,17.372201919555664,-3.0569093437837305,,,En cours
2025-08-11,KEYS,7,161.49000549316406,161.4519500732422,-1.4996361014879345,,,En cours
2025-08-11,KMB,7,134.14999389648438,134.08895874023438,7.598263348547431,,,En cours
2025-08-11,KIM,7,20.799999237060547,20.80305290222168,-2.011053458410365,,,En cours
2025-08-11,KMI,7,26.889999389648438,26.904747009277344,-4.117079396481166,,,En cours
2025-08-11,KKR,7,141.57000732421875,141.59449768066406,-3.401217142933879,,,En cours
2025-08-11,KLAC,7,910.1799926757812,910.15576171875,3.5409179873834433,,,En cours
2025-08-11,KHC,7,27.43000030517578,27.426401138305664,-0.12235232078354386,,,En cours
2025-08-11,KR,7,74.3499984741211,74.33866119384766,6.046594596277139,,,En cours
2025-08-11,LHX,7,270.32000732421875,270.3431396484375,-1.629018105111855,,,En cours
2025-08-11,LH,7,267.6700134277344,267.5542297363281,2.873824803888058,,,En cours
2025-08-11,LRCX,7,102.0,102.01504516601562,7.565425037093146,,,En cours
2025-08-11,LW,7,51.650001525878906,51.66032409667969,-8.88831851578003,,,En cours
2025-08-11,LVS,7,53.02000045776367,53.03407669067383,1.69525434118388,,,En cours
2025-08-11,LDOS,7,177.13999938964844,176.983642578125,10.857281142697447,,,En cours
2025-08-11,LEN,7,120.52999877929688,120.29893493652344,7.237417194919605,,,En cours
2025-08-11,LII,7,582.3599853515625,582.716064453125,-4.315917166974549,,,En cours
2025-08-11,LLY,7,635.219970703125,638.325927734375,-13.747899331538575,,,En cours
2025-08-11,LIN,7,470.3800048828125,470.515380859375,2.228169051439483,,,En cours
2025-08-11,LYV,7,154.47000122070312,154.52447509765625,4.620499858104623,,,En cours
2025-08-11,LKQ,7,29.239999771118164,29.256404876708984,-0.7247860251856753,,,En cours
2025-08-11,LMT,7,426.260009765625,426.383056640625,1.2834447036185634,,,En cours
2025-08-11,L,7,93.68000030517578,93.70137023925781,3.4916824516933525,,,En cours
2025-08-11,LOW,7,239.85000610351562,239.48095703125,7.116763960184233,,,En cours
2025-08-11,LULU,7,186.44000244140625,186.61119079589844,-6.941010356618745,,,En cours
2025-08-11,LYB,7,48.34000015258789,48.377464294433594,-16.48979105889753,,,En cours
2025-08-11,MTB,7,186.50999450683594,186.36741638183594,-1.236131745696872,,,En cours
2025-08-11,MPC,7,158.58999633789062,158.66873168945312,-6.769651910616617,,,En cours
2025-08-11,MKTX,7,189.27000427246094,189.2632598876953,-7.901090078980383,,,En cours
2025-08-11,MAR,7,257.9700012207031,257.9797668457031,-2.2174203177469622,,,En cours
2025-08-11,MMC,7,203.35000610351562,203.3624725341797,2.0895962096922265,,,En cours
2025-08-11,MLM,7,599.9299926757812,599.9414672851562,4.359424956422419,,,En cours
2025-08-11,MAS,7,68.9000015258789,68.9782943725586,1.6997153436584718,,,En cours
2025-08-11,MA,7,573.5900268554688,573.5439453125,1.248781925826448,,,En cours
2025-08-11,MTCH,7,35.70000076293945,35.69620895385742,4.161682162366738,,,En cours
2025-08-11,MKC,7,69.72000122070312,69.74297332763672,-1.255874218143658,,,En cours
2025-08-11,MCD,7,304.3599853515625,304.74151611328125,1.5568063035420405,,,En cours
2025-08-11,MCK,7,672.77001953125,672.6568603515625,-3.0110906850935573,,,En cours
2025-08-11,MDT,7,92.73999786376953,92.69794464111328,2.723788603202739,,,En cours
2025-08-11,MRK,7,80.02999877929688,80.04983520507812,2.470343562014953,,,En cours
2025-08-11,META,7,765.8699951171875,765.755126953125,-0.9935968483687829,,,En cours
2025-08-11,MET,7,75.30000305175781,75.2951889038086,-0.10389342219203582,,,En cours
2025-08-11,MTD,7,1256.489990234375,1255.7344970703125,1.7876955449700864,,,En cours
2025-08-11,MGM,7,34.380001068115234,34.3833122253418,-5.669927282138667,,,En cours
2025-08-11,MCHP,7,60.95000076293945,60.94442367553711,-9.832183788162213,,,En cours
2025-08-11,MU,7,123.72000122070312,123.2928695678711,12.967628969553585,,,En cours
2025-08-11,MSFT,7,521.77001953125,521.8320922851562,-2.187049243644564,,,En cours
2025-08-11,MAA,7,138.47999572753906,138.55284118652344,-2.7221453967799594,,,En cours
2025-08-11,MRNA,7,25.469999313354492,25.44896125793457,-13.907436678895593,,,En cours
2025-08-11,MHK,7,119.94000244140625,119.98920440673828,4.784911508419418,,,En cours
2025-08-11,MOH,7,153.8300018310547,153.93814086914062,-2.4905646225733045,,,En cours
2025-08-11,TAP,7,50.310001373291016,50.3137321472168,3.2712046112109503,,,En cours
2025-08-11,MDLZ,7,61.560001373291016,61.62051773071289,-4.744913579920765,,,En cours
2025-08-11,MPWR,7,797.510009765625,795.9929809570312,11.916229667390832,,,En cours
2025-08-11,MNST,7,63.65999984741211,63.5943489074707,8.24570026803524,,,En cours
2025-08-11,MCO,7,511.6600036621094,511.7100830078125,-0.7794577808495429,,,En cours
2025-08-11,MS,7,143.8800048828125,143.75241088867188,0.9072049093753719,,,En cours
2025-08-11,MOS,7,32.5,32.4915885925293,-9.7706467453512,,,En cours
2025-08-11,MSI,7,460.94000244140625,460.878662109375,4.988530360150932,,,En cours
2025-08-11,MSCI,7,549.3900146484375,549.4266967773438,-2.1257818308416296,,,En cours
2025-08-11,NDAQ,7,96.94000244140625,96.92649841308594,0.734251905445621,,,En cours
2025-08-11,NTAP,7,105.87999725341797,105.83606719970703,1.6384039098138576,,,En cours
2025-08-11,NFLX,7,1218.31005859375,1217.86279296875,5.042501925444879,,,En cours
2025-08-11,NEM,7,68.87000274658203,68.87498474121094,10.909801020225759,,,En cours
2025-08-11,NWSA,7,28.3799991607666,28.393962860107422,-3.158379414581876,,,En cours
2025-08-11,NWS,7,32.875,32.87818908691406,-1.6212121834725663,,,En cours
2025-08-11,NEE,7,72.44999694824219,72.42670440673828,1.92331395313881,,,En cours
2025-08-11,NKE,7,74.0199966430664,74.02471160888672,-0.8907361236752496,,,En cours
2025-08-11,NI,7,42.150001525878906,42.14907455444336,-0.7088956492052984,,,En cours
2025-08-11,NDSN,7,210.61000061035156,210.5870361328125,-1.6913171502273006,,,En cours
2025-08-11,NSC,7,278.32000732421875,278.352783203125,0.6155031065273643,,,En cours
2025-08-11,NTRS,7,125.23999786376953,125.2435302734375,-3.6588228665865383,,,En cours
2025-08-11,NOC,7,580.239990234375,580.3179321289062,0.6430597581627021,,,En cours
2025-08-11,NCLH,7,23.729999542236328,23.742961883544922,-7.108910877790066,,,En cours
2025-08-11,NRG,7,152.02999877929688,152.0037078857422,-8.848816926825247,,,En cours
2025-08-11,NUE,7,137.72000122070312,137.7874298095703,-3.692302540166438,,,En cours
2025-08-11,NVDA,7,182.05999755859375,182.05963134765625,2.355448555394888,,,En cours
2025-08-11,NVR,7,7793.2900390625,7783.5341796875,3.1001291219217775,,,En cours
2025-08-11,NXPI,7,205.16000366210938,205.141357421875,-4.036416091187555,,,En cours
2025-08-11,ORLY,7,103.5999984741211,103.57450866699219,5.344293112772027,,,En cours
2025-08-11,OXY,7,43.709999084472656,43.743438720703125,-0.4473370781727339,,,En cours
2025-08-11,ODFL,7,143.02000427246094,143.13626098632812,-4.096307546848828,,,En cours
2025-08-11,OMC,7,72.94000244140625,72.91387176513672,1.198984978194016,,,En cours
2025-08-11,ON,7,47.099998474121094,47.13859939575195,-16.361605952335506,,,En cours
2025-08-11,OKE,7,73.6500015258789,73.66471862792969,-9.145637685820637,,,En cours
2025-08-11,ORCL,7,252.67999267578125,252.52487182617188,-0.4906539091799921,,,En cours
2025-08-11,OTIS,7,86.02999877929688,86.01654052734375,0.38106905897310794,,,En cours
2025-08-11,PCAR,7,97.1500015258789,96.8961181640625,-1.88728628174482,,,En cours
2025-08-11,PKG,7,196.6199951171875,196.5287322998047,1.4341844128024193,,,En cours
2025-08-11,PLTR,7,182.67999267578125,182.68264770507812,15.366366064839879,,,En cours
2025-08-11,PANW,7,168.1699981689453,168.048095703125,-3.198104956908865,,,En cours
2025-08-11,PH,7,730.6599731445312,730.5332641601562,-0.18674138657126535,,,En cours
2025-08-11,PAYX,7,138.60000610351562,138.67506408691406,-3.918061160118328,,,En cours
2025-08-11,PAYC,7,221.0399932861328,221.94020080566406,-4.146062347253118,,,En cours
2025-08-11,PYPL,7,67.08000183105469,66.99578857421875,-2.5657555369419245,,,En cours
2025-08-11,PNR,7,102.87999725341797,102.76049041748047,0.5484280684686671,,,En cours
2025-08-11,PEP,7,144.8699951171875,144.77963256835938,4.9736328962325995,,,En cours
2025-08-11,PFE,7,24.579999923706055,24.5782470703125,5.531327196841319,,,En cours
2025-08-11,PCG,7,15.109999656677246,15.110990524291992,7.78166926466951,,,En cours
2025-08-11,PM,7,170.3249969482422,170.29226684570312,3.8050982492062966,,,En cours
2025-08-11,PSX,7,118.37000274658203,118.40229797363281,-4.189758683205294,,,En cours
2025-08-11,PNW,7,92.4800033569336,92.61862182617188,3.22499125244942,,,En cours
2025-08-11,PNC,7,188.52999877929688,188.48440551757812,-0.9384552030208023,,,En cours
2025-08-11,POOL,7,306.6499938964844,306.9168701171875,-0.39694439965724915,,,En cours
2025-08-11,PPG,7,106.5199966430664,106.51918029785156,0.9660476756886848,,,En cours
2025-08-11,PPL,7,36.279998779296875,36.274574279785156,1.6379256810581622,,,En cours
2025-08-11,PFG,7,76.4800033569336,76.46680450439453,-1.7515062245780797,,,En cours
2025-08-11,PG,7,154.97999572753906,155.07241821289062,3.05869406183952,,,En cours
2025-08-11,PGR,7,244.8800048828125,244.9294891357422,1.1938092587011002,,,En cours
2025-08-11,PLD,7,104.08000183105469,104.29004669189453,-2.3318525153280953,,,En cours
2025-08-11,PRU,7,103.26000213623047,103.23957061767578,-0.32866500034839774,,,En cours
2025-08-11,PEG,7,86.54000091552734,86.54507446289062,-3.613906247411091,,,En cours
2025-08-11,PTC,7,203.2899932861328,203.268798828125,-5.372747479930796,,,En cours
2025-08-11,PSA,7,279.75,279.6797180175781,2.846111460868843,,,En cours
2025-08-11,PHM,7,120.19999694824219,120.13624572753906,6.3905841973156585,,,En cours
2025-08-11,PWR,7,384.1199951171875,384.2087707519531,-5.397590394037662,,,En cours
2025-08-11,QCOM,7,147.97000122070312,148.0041046142578,0.8477174666042425,,,En cours
2025-08-11,DGX,7,178.36000061035156,178.2425537109375,6.470670695815714,,,En cours
2025-08-11,RL,7,288.55999755859375,288.5279541015625,-3.4216053216527196,,,En cours
2025-08-11,RJF,7,164.9199981689453,164.894287109375,-1.3377117861063494,,,En cours
2025-08-11,RTX,7,154.8000030517578,154.79925537109375,-1.7584259848537378,,,En cours
2025-08-11,O,7,57.38999938964844,57.377723693847656,2.7151745066420023,,,En cours
2025-08-11,REG,7,71.54000091552734,71.53788757324219,0.19311770926686117,,,En cours
2025-08-11,REGN,7,545.9400024414062,546.2415161132812,0.14327248728490244,,,En cours
2025-08-11,RF,7,24.6299991607666,24.6345272064209,-2.7456483196996433,,,En cours
2025-08-11,RSG,7,237.02999877929688,237.11363220214844,2.8023578914833793,,,En cours
2025-08-11,RMD,7,284.32000732421875,284.3226318359375,4.553441672193586,,,En cours
2025-08-11,RVTY,7,85.80000305175781,85.84051513671875,-2.3429878878373134,,,En cours
2025-08-11,ROK,7,329.760009765625,329.80755615234375,-6.22741344711893,,,En cours
2025-08-11,ROL,7,58.40999984741211,58.39890670776367,1.9712000017051903,,,En cours
2025-08-11,ROP,7,527.47998046875,527.4487915039062,-4.169918585049005,,,En cours
2025-08-11,ROST,7,146.49000549316406,146.23309326171875,7.099092172410691,,,En cours
2025-08-11,RCL,7,302.8599853515625,302.84869384765625,-4.725611570854124,,,En cours
2025-08-11,SPGI,7,555.8800048828125,555.8848266601562,0.8682364881492557,,,En cours
2025-08-11,CRM,7,232.67999267578125,233.1485137939453,-9.747793166580763,,,En cours
2025-08-11,SBAC,7,219.11000061035156,219.04623413085938,-2.5248162420003735,,,En cours
2025-08-11,SLB,7,32.369998931884766,32.46574401855469,-3.9475007355707095,,,En cours
2025-08-11,STX,7,151.69000244140625,151.64842224121094,-3.414796798423916,,,En cours
2025-08-11,SRE,7,80.9000015258789,80.91034698486328,-0.9422787921607411,,,En cours
2025-08-11,NOW,7,856.3699951171875,856.5514526367188,-9.178953147919652,,,En cours
2025-08-11,SHW,7,354.5799865722656,354.090576171875,7.014800213534501,,,En cours
2025-08-11,SPG,7,165.1999969482422,165.2161407470703,0.8707170885867812,,,En cours
2025-08-11,SWKS,7,70.52999877929688,70.46633911132812,2.810531324875399,,,En cours
2025-08-11,SJM,7,110.93000030517578,110.894287109375,3.3112454748889566,,,En cours
2025-08-11,SW,7,43.41999816894531,43.4495849609375,-2.096476081083718,,,En cours
2025-08-11,SNA,7,321.1700134277344,321.0338439941406,-0.048618713558530674,,,En cours
2025-08-11,SOLV,7,71.86000061035156,71.84993743896484,0.6865706620274474,,,En cours
2025-08-11,SO,7,94.56999969482422,94.56745147705078,0.092557278799853,,,En cours
2025-08-11,LUV,7,29.059999465942383,29.05880355834961,-6.04977927049373,,,En cours
2025-08-11,SWK,7,68.83999633789062,68.81855773925781,1.7273557827369528,,,En cours
2025-08-11,SBUX,7,91.73999786376953,91.76598358154297,2.922812710180569,,,En cours
2025-08-11,STT,7,109.83000183105469,109.83476257324219,-1.7138589948615772,,,En cours
2025-08-11,STLD,7,122.41000366210938,122.5941390991211,-3.8929590424236453,,,En cours
2025-08-11,STE,7,241.6199951171875,241.35179138183594,6.561784417953239,,,En cours
2025-08-11,SYK,7,376.6700134277344,376.7583923339844,-4.066818986466446,,,En cours
2025-08-11,SMCI,7,45.20000076293945,45.22710418701172,-23.30489528439515,,,En cours
2025-08-11,SYF,7,69.5999984741211,69.59281921386719,0.32383708895929336,,,En cours
2025-08-11,SNPS,7,616.1199951171875,616.5198974609375,-2.675750079103771,,,En cours
2025-08-11,SYY,7,79.87000274658203,79.85997772216797,0.32660710179711544,,,En cours
2025-08-11,TMUS,7,248.8699951171875,248.49459838867188,4.229937742400719,,,En cours
2025-08-11,TROW,7,105.2699966430664,105.2752456665039,3.770575488743766,,,En cours
2025-08-11,TTWO,7,222.6699981689453,222.60269165039062,-0.05715623382140496,,,En cours
2025-08-11,TPR,7,107.95999908447266,107.97850036621094,-0.04767047456063359,,,En cours
2025-08-11,TRGP,7,166.11000061035156,166.09722900390625,-0.18795424032211713,,,En cours
2025-08-11,TGT,7,104.01000213623047,104.01661682128906,3.499121215212998,,,En cours
2025-08-11,TEL,7,199.86000061035156,199.97532653808594,-2.8066456680019747,,,En cours
2025-08-11,TDY,7,542.030029296875,542.1886596679688,-1.6027294018816312,,,En cours
2025-08-11,TER,7,104.68000030517578,104.6635971069336,-2.5750751097306916,,,En cours
2025-08-11,TSLA,7,339.0299987792969,338.4072265625,9.776247647477462,,,En cours
2025-08-11,TXN,7,183.7100067138672,183.54815673828125,1.3742180565766848,,,En cours
2025-08-11,TPL,7,854.8300170898438,856.8738403320312,-11.491862042252093,,,En cours
2025-08-11,TXT,7,77.58000183105469,77.62268829345703,-0.18941539921296666,,,En cours
2025-08-11,TMO,7,462.3900146484375,462.2450256347656,-1.16211236874172,,,En cours
2025-08-11,TJX,7,132.39999389648438,132.28932189941406,6.2308866909000376,,,En cours
2025-08-11,TKO,7,180.0,179.9752655029297,7.121761435214445,,,En cours
2025-08-11,TTD,7,53.17499923706055,53.21365737915039,-38.80674110005588,,,En cours
2025-08-11,TSCO,7,59.529998779296875,59.517295837402344,4.507980755170723,,,En cours
2025-08-11,TT,7,428.07000732421875,428.08538818359375,-2.2814551440420954,,,En cours
2025-08-11,TDG,7,1409.550048828125,1409.6312255859375,-12.361435172789385,,,En cours
2025-08-11,TRV,7,264.260009765625,264.3150329589844,1.565878757119283,,,En cours
2025-08-11,TRMB,7,82.58999633789062,82.56568145751953,-1.5786362400335405,,,En cours
2025-08-11,TFC,7,42.83000183105469,42.819026947021484,-0.8349747828127341,,,En cours
2025-08-11,TYL,7,584.2000122070312,584.1471557617188,-0.07062436680567054,,,En cours
2025-08-11,TSN,7,56.68000030517578,56.632118225097656,8.283210423007628,,,En cours
2025-08-11,USB,7,44.560001373291016,44.56562042236328,-0.8771767574291994,,,En cours
2025-08-11,UBER,7,90.58000183105469,90.54859924316406,3.189286886796652,,,En cours
2025-08-11,UDR,7,37.5,37.511295318603516,-4.527120273547478,,,En cours
2025-08-11,ULTA,7,498.70001220703125,498.918212890625,-3.1245600221097036,,,En cours
2025-08-11,UNP,7,219.64999389648438,219.7378387451172,-1.005614480925517,,,En cours
2025-08-11,UAL,7,89.33000183105469,89.3957748413086,1.2295066388088502,,,En cours
2025-08-11,UPS,7,86.30999755859375,86.35662078857422,0.22819999780398126,,,En cours
2025-08-11,URI,7,869.7000122070312,869.3832397460938,-1.535411540741938,,,En cours
2025-08-11,UNH,7,252.3699951171875,252.55252075195312,1.1991197397959446,,,En cours
2025-08-11,UHS,7,171.66000366210938,171.68612670898438,3.1457674116812195,,,En cours
2025-08-11,VLO,7,131.77000427246094,131.68418884277344,-4.097158849208801,,,En cours
2025-08-11,VTR,7,68.51000213623047,68.46479034423828,1.9124591146563528,,,En cours
2025-08-11,VLTO,7,107.13999938964844,107.14755249023438,2.2107704079932007,,,En cours
2025-08-11,VRSN,7,267.4200134277344,267.3846740722656,-0.5524309413084546,,,En cours
2025-08-11,VRSK,7,267.4200134277344,267.4113464355469,-4.053907418440125,,,En cours
2025-08-11,VZ,7,43.18000030517578,43.17074203491211,0.9605793486948354,,,En cours
2025-08-11,VRTX,7,374.4599914550781,375.7666320800781,-17.75195655304663,,,En cours
2025-08-11,VTRS,7,9.859999656677246,9.853294372558594,12.737924835185652,,,En cours
2025-08-11,VICI,7,32.81999969482422,32.8260612487793,0.693444126500984,,,En cours
2025-08-11,V,7,335.8999938964844,336.07025146484375,-2.7208584602558172,,,En cours
2025-08-11,VST,7,200.0800018310547,200.0494384765625,-4.071427583638896,,,En cours
2025-08-11,VMC,7,285.239990234375,285.19830322265625,3.8330685113873435,,,En cours
2025-08-11,WRB,7,69.95999908447266,69.97126770019531,1.6876474099751373,,,En cours
2025-08-11,GWW,7,939.760009765625,940.4306640625,-9.533964183753895,,,En cours
2025-08-11,WAB,7,191.91000366210938,191.85171508789062,-0.10324809201578017,,,En cours
2025-08-11,WBA,7,11.859999656677246,11.863812446594238,1.9227843356540226,,,En cours
2025-08-11,WMT,7,103.94000244140625,103.75428771972656,5.893329419226183,,,En cours
2025-08-11,DIS,7,112.55000305175781,112.50599670410156,-5.5444579568544325,,,En cours
2025-08-11,WBD,7,10.779999732971191,10.783360481262207,-18.121788771495144,,,En cours
2025-08-11,WM,7,237.10000610351562,237.017578125,3.428859459470257,,,En cours
2025-08-11,WAT,7,279.2900085449219,279.4261779785156,-3.2323838036594035,,,En cours
2025-08-11,WEC,7,109.66999816894531,109.67791748046875,0.5481441505108575,,,En cours
2025-08-11,WFC,7,77.58999633789062,77.6026611328125,-3.189191720413774,,,En cours
2025-08-11,WELL,7,168.02999877929688,168.02532958984375,1.7903447837258324,,,En cours
2025-08-11,WST,7,240.3300018310547,240.3581085205078,0.4589626510421493,,,En cours
2025-08-11,WDC,7,74.63999938964844,74.62743377685547,-5.162750716110132,,,En cours
2025-08-11,WY,7,25.280000686645508,25.282997131347656,0.9301313428480972,,,En cours
2025-08-11,WSM,7,200.0,199.92672729492188,6.884108010199283,,,En cours
2025-08-11,WMB,7,58.060001373291016,58.077728271484375,-3.1230566599300196,,,En cours
2025-08-11,WTW,7,329.1700134277344,329.05352783203125,4.193512040726438,,,En cours
2025-08-11,WDAY,7,213.69000244140625,213.74661254882812,-6.81549917220173,,,En cours
2025-08-11,WYNN,7,108.62999725341797,108.63338470458984,-0.3637660085733599,,,En cours
2025-08-11,XEL,7,72.67500305175781,72.68222045898438,-1.031838177056799,,,En cours
2025-08-11,XYL,7,142.8699951171875,142.8644256591797,-1.2139189028358432,,,En cours
2025-08-11,YUM,7,141.27000427246094,141.31622314453125,-1.9658486798050687,,,En cours
2025-08-11,ZBRA,7,312.45001220703125,312.42694091796875,-7.844094436163377,,,En cours
2025-08-11,ZBH,7,100.0199966430664,99.99058532714844,9.100473172293869,,,En cours
2025-08-11,ZTS,7,149.02000427246094,149.06517028808594,2.246503294313994,,,En cours
